<?xml version="1.0" encoding="UTF-8"?>
<pathmaps name="eclipse">
	
	<pathmap version="3.1.0" marker="plugins/org.eclipse.core.resources_3.1.0">
		<replacements>
			<replace path="plugins/org.eclipse.swt.win32_*/ws/win32/swt.jar"   withPath="plugins/org.eclipse.swt.win32.win32.x86_*.jar"/>
		</replacements>
	</pathmap>
	
	<pathmap version="3.0.1" marker="plugins/org.eclipse.core.resources_3.0.1">
		<replacements>
			<replace path="plugins/org.apache.ant_*/lib/ant-jakarta-bcel.jar"   withPath="plugins/org.apache.ant_*/lib/ant-apache-bcel.jar"/>
			<replace path="plugins/org.apache.ant_*/lib/ant-jakarta-log4j.jar"  withPath="plugins/org.apache.ant_*/lib/ant-apache-log4j.jar"/>
			<replace path="plugins/org.apache.ant_*/lib/ant-jakarta-oro.jar"    withPath="plugins/org.apache.ant_*/lib/ant-apache-oro.jar"/>
			<replace path="plugins/org.apache.ant_*/lib/ant-jakarta-regexp.jar" withPath="plugins/org.apache.ant_*/lib/ant-apache-regexp.jar"/>
		</replacements>
		<removals>
			<remove path="plugins/org.apache.ant_*/lib/ant-xalan2.jar"/>
		</removals>
	</pathmap>
	
	<pathmap version="3.0.0" marker="plugins/org.eclipse.core.resources_3.0.0">
		<replacements>
			<replace path="plugins/org.apache.ant_*/ant.jar">
				<with path="plugins/org.apache.ant_*/lib/ant.jar"/>
			</replace>
			<replace path="plugins/org.apache.ant_*/optional.jar">
				<with path="plugins/org.apache.ant_*/lib/ant-antlr.jar"/>
				<with path="plugins/org.apache.ant_*/lib/ant-junit.jar"/>
				<with path="plugins/org.apache.ant_*/lib/ant-vaj.jar"/>
				<with path="plugins/org.apache.ant_*/lib/ant-apache-bsf.jar"/>
				<with path="plugins/org.apache.ant_*/lib/ant-apache-resolver.jar"/>
				<with path="plugins/org.apache.ant_*/lib/ant-commons-logging.jar"/>
				<with path="plugins/org.apache.ant_*/lib/ant-commons-net.jar"/>
				<with path="plugins/org.apache.ant_*/lib/ant-icontract.jar"/>
				<with path="plugins/org.apache.ant_*/lib/ant-jai.jar"/>
				<with path="plugins/org.apache.ant_*/lib/ant-jakarta-bcel.jar"/>
				<with path="plugins/org.apache.ant_*/lib/ant-jakarta-log4j.jar"/>
				<with path="plugins/org.apache.ant_*/lib/ant-jakarta-oro.jar"/>
				<with path="plugins/org.apache.ant_*/lib/ant-jakarta-regexp.jar"/>
				<with path="plugins/org.apache.ant_*/lib/ant-javamail.jar"/>
				<with path="plugins/org.apache.ant_*/lib/ant-jdepend.jar"/>
				<with path="plugins/org.apache.ant_*/lib/ant-jmf.jar"/>
				<with path="plugins/org.apache.ant_*/lib/ant-jsch.jar"/>
				<with path="plugins/org.apache.ant_*/lib/ant-launcher.jar"/>
				<with path="plugins/org.apache.ant_*/lib/ant-netrexx.jar"/>
				<with path="plugins/org.apache.ant_*/lib/ant-nodeps.jar"/>
				<with path="plugins/org.apache.ant_*/lib/ant-starteam.jar"/>
				<with path="plugins/org.apache.ant_*/lib/ant-stylebook.jar"/>
				<with path="plugins/org.apache.ant_*/lib/ant-swing.jar"/>
				<with path="plugins/org.apache.ant_*/lib/ant-trax.jar"/>
				<with path="plugins/org.apache.ant_*/lib/ant-weblogic.jar"/>
				<with path="plugins/org.apache.ant_*/lib/ant-xalan1.jar"/>
				<with path="plugins/org.apache.ant_*/lib/ant-xalan2.jar"/>
				<with path="plugins/org.apache.ant_*/lib/ant-xslp.jar"/>
			</replace>
			<replace path="plugins/org.eclipse.ui.externaltools_*/externaltools.jar">
				<with path="plugins/org.eclipse.ui.externaltools_*/externaltools.jar"/>
				<with path="plugins/org.eclipse.ant.ui_*/antui.jar"/>
			</replace>
			<replace path="plugins/org.eclipse.ui.externaltools_*/lib/antrunner.jar">
				<with path="plugins/org.eclipse.ant.ui_*/lib/antrunner.jar"/>
			</replace>
			<replace path="plugins/org.apache.lucene_1.2.1/lucene-1.2.jar"           withPath="plugins/org.apache.lucene_1.3.0/lucene-1.3-final.jar"/>
			<replace path="plugins/org.eclipse.help.ui_2.1.0/helpworkbench.jar"      withPath="plugins/org.eclipse.help.ui_3.0.0/helpui.jar"/>
			<replace path="plugins/org.eclipse.tomcat_4.0.6/jakarta-regexp-1.2.jar"  withPath="plugins/org.eclipse.tomcat_4.1.30/jakarta-regexp-1.3.jar"/>
			<replace path="plugins/org.eclipse.tomcat_4.0.6/servlets-webdav.jar"     withPath="plugins/org.eclipse.tomcat_4.0.6/servlet.jar"/>
			<replace path="plugins/org.eclipse.ui.externaltools_*/lib/antrunner.jar" withPath="plugins/org.eclipse.ant.core_*/lib/antsupportlib.jar"/>
			<replace path="plugins/org.eclipse.update.ui.forms_*/forms.jar"          withPath="plugins/org.eclipse.ui.forms_*/forms.jar"/>
			<replace path="plugins/org.eclipse.update.ui.win32_*/updateui32.jar"     withPath="plugins/org.eclipse.ui.win32_*/workbenchwin32.jar"/>
			<replace path="plugins/org.eclipse.ui_*/ui.jar">
				<with path="plugins/org.eclipse.ui_*/ui.jar"/>
				<with path="plugins/org.eclipse.ui.ide_*/ide.jar"/>
			</replace>
			<replace path="plugins/org.eclipse.ui.views_*/views.jar">
				<with path="plugins/org.eclipse.ui.views_*/views.jar"/>
				<with path="plugins/org.eclipse.ui.ide_*/ide.jar"/>
			</replace>
			<replace path="plugins/org.eclipse.core.boot_*/boot.jar">
				<with path="plugins/org.eclipse.osgi_*/core.jar"/>
				<with path="plugins/org.eclipse.osgi_*/osgi.jar"/>
				<with path="plugins/org.eclipse.osgi_*/eclipseAdaptor.jar"/>
				<with path="plugins/org.eclipse.core.boot_*/boot.jar"/>
			</replace>
			<replace path="plugins/org.eclipse.core.runtime_*/runtime.jar">
				<with path="plugins/org.eclipse.core.runtime_*/runtime.jar"/>
				<with path="plugins/org.eclipse.core.runtime.compatibility_*/compatibility.jar"/>
				<with path="plugins/org.eclipse.osgi_*/core.jar"/>
				<with path="plugins/org.eclipse.osgi_*/osgi.jar"/>
				<with path="plugins/org.eclipse.osgi_*/eclipseAdaptor.jar"/>
			</replace>
		</replacements>
		<removals>
			<remove path="plugins/org.eclipse.help.ui.win32_*/helpworkbenchwin32.jar"/>
			<remove path="plugins/org.eclipse.pde.ui_*/launcher/slimlauncher.jar"/>
			<remove path="plugins/org.apache.xerces_*/xmlParserAPIs.jar"/>
			<remove path="plugins/org.apache.xerces_*/xercesImpl.jar"/>
		</removals>
	</pathmap>
	
	<pathmap version="2.1.3" marker="plugins/org.eclipse.core.boot_2.1.3">
	</pathmap>
	
	<pathmap version="2.1.2" marker="plugins/org.eclipse.core.boot_2.1.2">
	</pathmap>
	
	<pathmap version="2.1.1" marker="plugins/org.eclipse.core.boot_2.1.1">
	</pathmap>
	
	<pathmap version="2.1.0" marker="plugins/org.eclipse.core.boot_2.1.0">
		<replacements>
			<replace path="plugins/org.apache.ant_*/jakarta-ant-1.4.1-optional.jar">
				<with path="plugins/org.apache.ant_*/optional.jar"/>
			</replace>
			<replace path="plugins/org.eclipse.ui_*/workbench.jar">
				<with path="plugins/org.eclipse.jface_*/jface.jar"/>
				<with path="plugins/org.eclipse.jface.text_*/jfacetext.jar"/>
				<with path="plugins/org.eclipse.ui_*/ui.jar"/>
				<with path="plugins/org.eclipse.ui.views_*/views.jar"/>
				<with path="plugins/org.eclipse.ui.workbench_*/workbench.jar"/>
			</replace>
		</replacements>
		
	</pathmap>
	
	<pathmap version="2.0.2" marker="plugins/org.eclipse.core.boot_2.0.2">
	</pathmap>
	
	<pathmap version="2.0.1" marker="plugins/org.eclipse.core.boot_2.0.1">
	</pathmap>
	
	<pathmap version="2.0.0" marker="plugins/org.eclipse.core.boot_2.0.0">
	</pathmap>
	
</pathmaps>